ID,TITLE,ALT_TITLE,INFO,LANGUAGE,EPISODES,DISCS,GENRE,DETAILS
1,07 GHOST,,,Japonés,26,2,Magia / Acción / Drama,
2,11 eyes,,,Japonés,12,1,Acción / Ecchi / Fantasía / Romance,
3,5 centimetros por segundo,,,Inglés / Japonés,Película,1,Drama / Romance,
4,A tree of Palme,,,Japonés,Película,1,Fantasía / Aventura / Drama,
5,Accel World,,,Japonés,24 + OVA,2,Aventura / Acción / Sci-Fi / Romance,
6,Acchi kocchi,,,Japonés,12,1,Romance / Comedia,
7,Afro Samurai,,,Inglés,5 + Película,1,Acción / Gore,
8,Ah! Megami-sama,Oh! Mi Diosa,OVAS,Español,5,1,Romance / Comedia / Fantasía,
9,Ai no Kusabi (2000),,Remake,Japonés,4,1,Yaoi / Sci-Fi / Acción,Serie Yaoi (ChicoXChico) - No recomendado para menores de 16 años.
10,AIR,,,Japonés,13,1,Romance / Drama,
11,AIR (Movie),,,Japonés,Película,1,Romance / Drama,
12,Air Gear,,,Japonés,25 + 3 especiales,2,Acción / Ecchi,
13,Akame ga kill,,,Japonés,24,2,Acción / Aventura / Suspenso / Poderes,
14,Akatsuki no Yona,,,Japonés,24,2,Aventura / Romance / Harem / Harem Invertido,
15,AKB0048,,Primera Temporada,Japonés,13,1,Aventura / Espacial / Idols,
16,AKB0048 NEXT,,Segunda Temporada,Japonés,13,1,Aventura / Espacial / Idols,
17,Akira,,,Español,Película,1,Acción / Sci-Fi / Sobrenatural / Gore,
18,Aku no Hana,Les fleurs du Mal,,Japonés,13,1,Slice of life / Escolar / Psicológico,
19,Akuma no Riddle,,,Japonés,13,1,Acción / Suspenso / Yuri,Serie Yuri (ChicaxChica) Se recomienda discreción.
20,Aldnoah.Zero,,Primera Temporada,Japonés,12,1,Acción / Mechas / Espacial,
21,Aldnoah.Zero 2,,Segunda Temporda,Japonés,12,1,Acción / Mechas / Espacial,
22,Amagami SS Plus,,Segunda Temporda,Japonés,13,1,Escolar / Drama / Romance / Light ecchi,
23,Amnesia,,,Japonés,12,1,Romance / Harem / Harem Invertido / Drama / Fantasía,
24,Angel Beats,,,Japonés,13 + 2 OVAS,1,Acción / Aventura / Drama,
25,Angel Sanctuary,,,Japonés,3,1,Acción / Romance / Sobrenatural,
26,Angelic Layer,,,Japonés,26,2,Fantasía / Aventura,
27,Angelique: Kokoro no Mezameru Toki,,,Japonés,13,1,Romance / Aventura / Drama / Harem / Harem Invertido,
28,Ano Hana,Ano Hi mita Hana no namae Bokutachi wa mada shiranai,,Japonés,13,1,Drama / Slice of life / Romance,
29,Ano Hana Movie,,,Japonés,Película,1,Drama / Slice of life / Romance,
30,Another,,Sin censura,Japonés,12 + OVA,1,Suspenso / Escolar / Horror / Gore,
31,Ao haru ride,,,Japonés,12,1,Romance / Escolar / Drama,
32,Ao no Exorcist,Blue Exorcist,,Japonés,25,2,Acción / Sobrenatural,
33,Ao no Exorcist Movie,Blue Exorcist Movie,,Japonés,Película + OVA,1,Acción / Sobrenatural,
34,Aoi Bungaku Series,,,Japonés,12,1,Suspenso / Acción,
35,Aoki Hagane no Arpeggio,Arpeggio of the Blue Steel,,Japonés,12,1,Acción / Misterio / Espacial,
36,Appleseed 2004,,,Japonés,Película,1,Sci-Fi / Acción,
37,Appleseed ExMachina,,,Inglés / Francés / Japonés,Película,1,Sci-Fi / Acción,
38,Aquarion Evol,,,Japonés,26,2,Mechas / Acción / Drama,
39,"Aquarion, Genesis of",Sousei no Aquarion,"Precuela, para ver secuela Vease Aquarion Evol",Japonés,26,2,Mechas / Acción / Drama,
40,Arakawa Under the Bridge,,Primera Temporada,Japonés,13,1,Comedia / Romance / Parodia,
41,Arakawa Under the Bridge * 2,,Segunda Temporada,Japonés,13,1,Comedia / Romance / Parodia,
42,Arcana Famiglia,La Storia de la Arcana Famiglia,Arcana Famiglia,Japonés,13,1,Acción / Romance / Gangster,
43,Arrietty,,,Japonés,Película,1,Fantasía / Drama / Aventura,
44,Asobi ni Ikuyo!,,,Japonés,12 + OVA,1,Sci-Fi / Romance / Comedia / Ecchi,
45,Astarotte no Omocha,,,Japonés,11,1,Romance / Sobrenatural / Comedia / Ecchi / Lolicon,Serie lolicon (chicas con apariencia joven) Se recomienda discrecion.
46,Asu no Yoichi,,,Japonés,12,1,Comedia / Romance / Ecchi,
47,Asura,,,Japonés,Película,1,Sobrenatural / Horror,
48,AURA - Maryuuinkouga Saigo no Tatakai,,,Japonés,1,1,Fantasía / Aventura / Romance,
49,Avalon,,Película,Español / Polaco,1,1,Acción / Aventura / Sci-Fi,
50,AVATAR - La Leyenda de Aang,,"Libro 1 - Agua, Libro 2 - Tierra, Libro 3 - Fuego",Español,60,3,Aventura / Acción / Fantasía,
51,AVATAR - La Leyenda de Korra,,,Español,26,2,Aventura / Acción / Fantasía / Romance,
52,AVATAR - The Legend of Korra,,"Libro 1 - Water, Libro 2 - Spirits, Libro 3- Change, Libro 4 - Balance",Inglés,52,4,Aventura / Acción / Fantasía / Romance,
53,Ayashi no Ceres,,,Español,24,1,Romance / Drama / Sobrenatural / Acción,
54,B Gata H Kei,,,Japonés,12,1,Romance / Comedia / Escolar,
55,Baccano!,,,Japonés,13 + 3 OVA,1,Acción / Misterio,
56,Baka to test to shoukanjuu,,Primera Temporada,Japonés,13,1,Romance / Escolar / Fantasía / Comedia / Ecchi,
57,Baka to Test to Shoukanjuu Matsuri,,Temporada Intermedia,Japonés,2 + 7 especiales,1,Romance / Escolar / Fantasía / Comedia / Ecchi,
58,Baka to Test to Shoukanjuu Nii,,Segunda Temporada,Japonés,13,1,Romance / Escolar / Fantasía / Comedia / Ecchi,
59,Bakemonogatari,,,Japonés,15,1,Sobrenatural / Misterio / Comedia / Light ecchi,
60,Bakuman,,,Japonés,25,2,Slice of life / Drama / Romance / Comedia,
61,Bakuman 2,,,Japonés,25,2,Slice of life / Drama / Romance / Comedia,
62,Bakuman 3,,,Japonés,25,2,Slice of life / Drama / Romance / Comedia,
63,Basilisk,,,Español / Japonés,24,2,Acción / Suspenso / Ninja / Romance,
64,Battle Angel Alita,,,Japonés,2,1,Sci-Fi / Acción / Misterio,
65,Battle Royal,,,Español / Japonés,Película,1,Acción / Supervivencia / Gore,
66,Battle Royal 2,,,Japonés,Película,1,Acción / Supervivencia / Gore,
67,Bayonetta - Bloody Fate,,,Japonés,Película,1,Acción / Sobrenatural,
68,Beelzebub,,,Japonés,60 + 2 OVA,5,Comedia / Sobrenatural,
69,Ben-to,,,Japonés,12,1,Comedia / Romance / Ecchi,
70,Bersek,,,Japonés,25,2,Acción / Aventura / Sobrenatural / Horror,
71,Berserk: Ougon Jidai Hen I,Haou no Tamago,,Japonés,Película,1,Acción / Aventura / Sobrenatural / Horror,
72,Berserk: Ougon Jidai Hen II,Dorudorei Koryaku,,Japonés,Película,1,Acción / Aventura / Sobrenatural / Horror,
73,Berserk: Ougon Jidai Hen III,Kourin,,Japonés,Película,1,Acción / Aventura / Sobrenatural / Horror,
74,Bey Blade,,,Español,51,3,Fantasía / Aventura,
75,Bey Blade V-Force,,,Español,51,3,Fantasía / Aventura,
76,Bible Black,,,Japonés,16 + Omake,2,Hentai / Sobrenatural / Escolar,HENTAI (Sexo explicito) No apto para menores de 17 años.
77,Binbougami ga,,,Japonés,13,1,Comedia / Parodia / Acción / Fantasía,
78,Black Bullet,,,Japonés,13,1,Acción / Sobrenatural / Drama / Romance,
79,Black Cat,,,Español,26,2,Acción / Aventura / Drama,
80,Black Heaven,,,Español / Inglés / Japonés,13,1,Comedia / Aventura / Slice of life,
81,Black Lagoon,,Primera Temporada,Japonés,12,1,Acción / Suspenso,
82,Black Lagoon - Roberta's  Blood Trail,,Tercera Temporada,Japonés,5,1,Acción / Suspenso,
83,Black Lagoon The Second Barriage,,Segunda Temporada,Japonés,12,1,Acción / Suspenso,
84,Black Rock Shooter,,,Japonés,Película + Especial + Extras,1,Acción / Aventura / Fantasía,
85,Black Rock Shooter TV,,,Japonés,8,1,Acción / Aventura / Fantasía,
86,Blade & Soul,,,Japonés,13,1,Acción / Fantasía / Artes marciales / Ecchi,
87,Blassreiter,,,Japonés,24,2,Sci-Fi / Acción / Sobrenatural / Suspenso,
88,Blazblue - Alter Memory,,,Japonés,12,1,Artes marciales / Acción,
89,Bleach,,,Japonés,366,19,Acción / Aventura / Sobrenatural,
90,Bleach Movies,,,Japonés,4 + 2 OVA,2,Acción / Aventura / Sobrenatural,
91,Blood +,,,Español,50,3,Sobrenatural / Acción / Drama / Romance,
92,Blood C,,,Japonés,12,1,Sobrenatural / Acción / Gore,
93,Blood C The Last Dark,,,Japonés,Película,1,Sobrenatural / Acción / Gore / Drama,
94,Blood Lad,,,Japonés,10,1,Comedia / Sobrenatural,
95,Blood The Last Vampire (Live Action),,,Español / Japonés,Película,1,Sobrenatural / Acción / Gore,
96,Blood+ (Japonés),,,Japonés,50,3,Sobrenatural / Acción / Drama / Romance,
97,Blue Dragon,,,Japonés,51,4,Acción / Aventura / Sobrenatural / Fantasía,
98,Boku wa Tomodachi ga Sukunai,,Primera Temporada,Japonés,12,1,Romance / Escolar / Comedia / Ecchi,
99,Boku wa Tomodachi ga Sukunai NEXT,,Segunda Temporada,Japonés,12,1,Romance / Escolar / Comedia / Ecchi,
100,Bokura ga ita,,,Japonés,26,2,Romance / Escolar / Drama / Slice of life,
101,Bokusastu Tenshi Dokuro-chan,Dokuro-chan,,Japonés,8,1,Comedia / Gore,
102,Boogiepop Phantom,,,Español / Japonés,12,1,Misterio / Suspenso / Psicológico,
103,Broken Blade (2014),Break Balde,Remake,Japonés,24,2,Acción / Mechas / Sci-Fi,
104,Brothers Conflict,,,Japonés,12,1,Romance / Harem / Harem Invertido / Drama / Comedia,
105,Brynhildr in the Darkness,,,Japonés,13,1,Romance / Sobrenatural / Drama / Harem,
106,BTOOOM!,,,Japonés,12,1,Acción / Aventura / Ecchi,
107,BTX,,Primera Temporada,Español,25,2,Acción / Aventura / Sci-Fi,Del creador de Caballeros del Zodiaco
108,BTX Neo,,Segunda Temporada,Español,14,1,Acción / Aventura / Sci-Fi,Del creador de Caballeros del Zodiaco
109,Bubblegum Crisis Tokyo 2040,,,Español,26,2,Acción / Sci-Fi / Comedia,
110,BUDA - El Gran Viaje,,Película 1,Español / Japonés,Película,1,Aventura / Fantasía / Drama,
111,Burst Angel,,,Español,24 + OVA,2,Aventura / Acción / Ecchi,
112,C - The Money of Soul and the Posibility of Control,,,Japonés,11,1,Acción / Sobrenatural / Suspenso,
113,Canaan,,,Japonés,13,1,Acción / Suspenso / Sobrenatural,
114,Candy Candy,,,Español,115 + OVA,6,Drama / Romance,
115,Captain Earth,,,Japonés,25,2,,
116,"Captain Harlock, Space Pirate Movie",,,Japonés,Película,1,,
117,Carnival Phantasm,,,Japonés,12 + 3 omakes,1,,
118,Chaos;Head,,,Japonés,12,1,,
119,Chobits,,,Japonés,26,3,,
120,Chrome Shelled Regios,,,Japonés,24,2,,
121,Chrono Crusade,,,Japonés,24,2,Acción / Aventura / Sobrenatural / Romance,
122,"Chuunibyou demo Koi ga Shitai!, Takanashi Rikka Kai",,Película,Japonés,Película,1,,
123,CLAMP School Detectives,,,Español,26,2,,
124,CLANNAD,,,Japonés,23 + OVA,2,Drama / Romance / Slice of life / Harem,
125,CLANNAD After Story,,,Japonés,24 + OVA,2,Drama / Romance / Slice of life / Harem,
126,CLANNAD La Pelicula,,,Japonés,Película,1,Drama / Romance / Slice of life / Harem,
127,Claymore,,,Japonés,26,2,,
128,Code Breaker,,,Japonés,13,1,Acción / Slice of life / Sobrenatural,
129,Code Geass,,,Japonés,25,2,,
130,Code Geass R2,,,Japonés,25,2,,
131,Colorfull,,,Japonés,Película,1,,
132,Coppelion,,,Japonés,13,1,,
133,Corpse Party,,Tortured souls + Missing Footage,Japonés,5,1,,
134,Cowboy Beebop,,Serie,Español / Inglés / Japonés,26,2,,
135,Cowboy Beebop Knockin'on Heaven's Door,,Película,Español / Japonés,Película,1,,
136,Cross Ange Tenshi to Ryu no Rondo,,,Japonés,25,1,,
137,CubeXCursedXCurious,C3,,Japonés,13,1,,
138,Cuentos de Terramar,Gedo Senki,,Español / Japonés,Película,1,,
139,Cyborg 009,,,Español,50,4,Sci-Fi / Acción / Aventura,
140,D. Gray-man,,,Japonés,103,6,,
141,Da Capo,D.C.,Primera Temporada,Japonés,26,2,Drama / Romance / Slice of life,
142,Da Capo II,D.C. II,Tercera Temporada,Japonés,13,1,Drama / Romance / Slice of life,
143,Da Capo II Second Season,D.C. II S.S.,Cuarta Temporada,Japonés,13,1,Drama / Romance / Slice of life,
144,Da Capo Second Season,D.C. S.S.,Segunda Temporada,Japonés,26,2,Drama / Romance / Slice of life,
145,Daitoshokan no Hitsujikai,,,Japonés,12,1,,
146,Dakara Boku wa H ga Dekinai,,,Japonés,12,1,,
147,Dance in the Vampire Bund,,,Japonés,12 + Especial,1,,
148,Danganronpa The animation,,,Japonés,13,1,,
149,Danna ga nani wo Itteiru ka Wakaranai Ken,,,Japonés,13,1,,
150,Dantalian no Shoka,Biblioteca Mistica de Dantalian,,Japonés,13,1,,
151,Dante's Inferno,El Infierno de Dante,,Español / Inglés,Película,1,,
152,Darker than Black,,Primera Temporada,Japonés,25 + OVA,2,,
153,Darker than Black Gemini of the Meteor,,Segunda Temporada,Japonés,12,1,,
154,Darker than Black Kuro no Keiyakusha: Gaiden,,Tercera Temporada,Japonés,12,1,,
155,Date A Live,,Primera Temporada,Japonés,12,1,,
156,Date A Live II,,Segunda Temporada,Japonés,10,1,,
157,Dead Space,,,Español,Película,1,,
158,Deadman Wonderland,,,Japonés,12,1,,
159,Dear Boys,,,Español,26,2,Deportes / Slice of life,
160,DearS,,,Japonés,13,1,,
161,Death Note,,,Español / Japonés,37,3,,
162,Death Note R: Relight La Visión de un Dios,,Película 1,Español / Japonés,Película,1,,
163,Death Note: Live Action,,Películas con actores humanos.,Japonés,3 Películas,1,,
164,Death Parade,,OVA Original Death Billiard + Serie,Japonés,12 + Especial,1,,
165,Demashitta Power Puff Girls Z,Las chicas super poderosas Z,,Español,52,3,,
166,Denpa Teki na Kanojo,,,Japonés,2,1,,
167,Denpo Onna to Seishun Otoko,,,Japonés,12,1,,
168,Detroit Metal City,,,Japonés,12,1,,
169,Detroit Metal City Live Action,,,Japonés,Película,1,,
170,Devil May Cry,,,Inglés / Japonés,12,1,,
171,Devil Survivor 2,,Temporada Unica,Japonés,13,1,,
172,Devilman,,,Japonés,39,2,,
173,Devilman Live Action,,,Japonés,Película,1,,
174,Devilman OVAs,,,Japonés,3,1,,
175,Devils and Realist,Makai Ouji - Devils and Realist,,Japonés,12,1,,
176,D-Fragments,,,Japonés,12,1,,
177,Diabolik Lovers,,,Japonés,14,1,,
178,Digimon,Digimon Adventures,Primera Temporada,Español,54,3,,
179,Digimon 02,,Segunda Temporada,Español,50 + Especial,3,,
180,Digimon Adventures Movies,,Primera Temporada Películas,Español / Japonés,2 Películas,1,,
181,Digimon Frontier,,Cuarta temporada,Español,50,4,,
182,Digimon Savers,,,Español,52,3,,
183,Digimon Tamers,,Tercera Temporada,Español,51,4,,
184,DN Angel,,,Japonés,26,2,,
185,Donten ni Warau,,,Japonés,12,1,,
186,Dragon Ball,,Primera Temporada,Español,153,5,,
187,Dragon Ball GT,,Tercera Temporada,Español,64,3,,
188,Dragon Ball Movies,,,Español,3 Películas,1,,
189,Dragon Ball Z,,Segunda Temporada,Español,291,14,,
190,Dragon Ball Z Episodio Bardock,,,Japonés,Especial,1,,
191,Dragon Ball Z Movies,,,Español,13 Películas + 2 Especiales,2,,
192,Dragon Crisis,,,Japonés,,0,,
193,Dragon Quest,,,Español,46,2,,
194,Dramatical Murder,,,Japonés,12,1,,
195,Durarara!,,,Japonés,24,2,,
196,Durarara!! X2,,Segunda Temporada,Japonés,12,1,,
197,El Castillo de Cagliostro,,GHIBLI,Español,1,1,,
198,El Castillo en el Cielo,,GHIBLI,Español / Japonés,Película,1,,
199,El increible Castillo Vagabundo,Howl's Moving Castle,GHIBLI,Español / Japonés,Película,1,,
200,El Increible Mago de OZ,The Wonderful Wizard of OZ,,Español,52,2,,
201,El increible Mago de Oz - La Pelicula,,Película Resumen,Español,Película,1,,
202,El Regreso de los Gatos,Haru en el reino de los gatos,GHIBLI,Español / Japonés,Película,1,,
203,El Viaje de Chihiro,Spirt Away,GHIBLI,Español / Japonés,Película,1,,
204,Elfen Lied,,,Japonés,13 + OVA,1,,
205,ENZAI - False Acusation,,,Japonés,2,1,,
206,Erementar Gerad,,,Japonés,26,2,,
207,Ergo Proxy,,,Japonés,23,2,,
208,Escaflowne La Pelicula,,,Inglés / Japonés,Película,1,,
209,"Escaflowne, The Vision of",,,Español,26,2,,
210,Escha & Logy no Atelier - Tasogare no Sora no Rekinjutsushi,,,Japonés,13,1,,
211,Eureka Seven,,,Japonés,50 + especial,4,,
212,Eureka Seven  Astral Ocean,,,Japonés,24,2,,
213,"Eva, Pucci",Eva Petit,,Japonés,24,1,,
214,Evangelion Death and Rebirth,,,Inglés / Japonés,Película,1,,
215,"Evangelion, Neon Genesis",,,Español,26,2,,
216,"Evangelion, Rebuild of",,,Japonés,3 Películas,2,,
217,"Evangelion, The End of",,,Español / Japonés,Película,1,,
218,Eve no Jikan,Time of Eve,,Japonés,Película,1,,
219,Excel Saga,,,Español,26,2,,
220,Expelled from Paradise,Rakuen Tsuihou,,Japonés,Película,1,,
221,Eyeshield 21,,,Japonés,120,6,,
222,Fairy Tail,,,Japonés,175,9,,
223,Fairy Tail 2,,En emisión,Japonés,20/??,1,,
224,Fairy Tail Movie,,,Japonés,Película,1,,
225,Fairy Tail OVAS,,,Japonés,4,1,,
226,Fantasista Doll,,,Japonés,12,1,,
227,Fantastic Children,,,Japonés,26,2,,
228,Fate Kaleid Liner,,,Japonés,10,1,,
229,Fate Stay Night,,Primera Temporada,Japonés,26,2,,
230,Fate Stay Night Unlimited Blade Works,,Primera Temporada Película,Japonés,Película + 2 Especiales,1,,
231,Fate Zero,,Segunda Temporada,Japonés,25,2,,
232,Fate/Stay Night Unlimited Balde Works TV,,,Japonés,25,2,,
233,Final Fantasy Spirit Within,Final Fantasy: El espiritu en nosotros,,Español / Inglés / Japonés,Película,1,,
234,Final Fantasy Unlimited,,,Japonés,25,2,,
235,Final Fantasy VII - Advent Children,,,Inglés / Japonés,Película,1,,
236,FLCL,,,Japonés,6,1,,
237,Food Wars,Shokugeki no Soma,,Japonés,24,2,Comedia / Cocina / Slice of life,
238,Fractale,,,Japonés,11,1,,
239,Free!,,,Japonés,12 + Short movie,1,,
240,Free! Eternal Summer,,Segunda Temporada,Japonés,13,1,,
241,Freezing,,Primera Temporada,Japonés,12 + 6 omakes,1,,
242,Freezing Vibration,,Segunda Temporada,Japonés,12,1,,
243,Fruits Basket,,,Japonés,26,2,,
244,Full Metal Panic,,,Japonés,24,2,,
245,Full Metal Panic TSR,,,Japonés,13 + Especial + OVA,1,,
246,Full Metal Panic! Fumoffu,,,Japonés,12,1,,
247,Fullmetal Alchemist,,,Español / Inglés,51 + 5 OVA,4,,
248,Fullmetal Alchemist Shintetsu,Fullmetal Alchemist Brotherhood,,Japonés,64,5,,
249,Fullmetal Alchemist Shintetsu OVAS,,,Japonés,4 + 4 especiales,1,,
250,Fullmetal Alchemist The Movie - Conquerors of Shambala,,,Español / Japonés,Película,1,,
251,Fullmetal Alchemist The Movie - Sacred Star of Milos,,,Japonés,Película,1,,
252,Fushigi Yuugi,,,Japonés,52 + 3 OVA,3,,
253,Ga Rei Zero,,,Japonés,12,1,Acción / Sobrenatural / Suspenso,
254,Gakuen Heaven,,,Japonés,13,1,Shounen Ai / Comedia,
255,Galilei Donna,,,Japonés,11,1,Aventura / Acción / Sci-Fi,
256,GANTZ,,,Japonés,26,2,Acción / Horror / Suspenso / Gore,
257,GANTZ - Live Action,,,Japonés,2 Películas,1,Acción / Horror / Suspenso / Gore,
258,Garden of the Sinners,Kara no Kyokai,,Japonés,7 Películas,2,Acción / Misterio / Sobrenatural,
259,Garo,,,Japonés,13,1,,
260,Gatchaman Crowds,,,Japonés,12,1,Acción / Aventura / Sci-Fi / Seinen,
261,Gekkan Shoujo Nozaki-kun,,,Japonés,12,1,Comedia / Romance / Slice of life / Escolar,
262,Gen'ei no Kakeru,,,Japonés,12,1,Magia / Drama / Suspenso,
263,Genesis Climber Mospeada,,,Japonés,25,3,Acción / Mechas / Aventura / Romance,
264,Genocyber,,,Japonés,5,1,Acción / Sci-Fi / Horror / Gore,
265,Genshiken,,Primera Temporada,Japonés,12,1,Comedia / Parodia / Escolar,
266,Genshiken 2,,Segunda Temporada,Japonés,12,1,Comedia / Parodia / Escolar,
267,Genshiken Nidaime,,Tercera Temporada,Japonés,13,1,Comedia / Parodia / Escolar,
268,Get Backers,,,Japonés,49,4,Aventura / Acción / Sobrenatural,
269,Ghost in the Shell,GITS,Primera Temporada,Japonés,26,2,Acción / Sci-Fi / Cyber Punk,
270,Ghost in the Shell 2,"Pelicula - Innocence, OVA - Solid State Society",Segunda Película,Español,Película + OVA,1,Acción / Sci-Fi / Cyber Punk,
271,Ghost in the Shell 2nd Stand Alone Complex,GITS 2nd SAC,Segunda temporada,Japonés,26,2,Acción / Sci-Fi / Cyber Punk,
272,Ghost in the shell Arise,,Precuela,Japonés,4,1,Acción / Sci-Fi / Cyber Punk,
273,Ghost in the Shell the Movie 2.0,,Primer Película,Español / Inglés / Francés / Japonés,Película,1,Acción / Sci-Fi / Cyber Punk,
274,Gilgamesh,,,Japonés,26,2,Horror / Acción / Drama / Sci-Fi,
275,Gintama,,Primera Temporada,Japonés,201,10,Aventura / Comedia / Drama / Sci-Fi / Acción / Fantasía,
276,Girlfriend Kari,,,Japonés,12,1,Romance / Slice of life / Moe,
277,GJ Bu,,,Japonés,12,1,Comedia / Romance / Slice of life  / Escolar,
278,Godzilla Collection,,,Inglés / Japonés,27 Películas,6,Acción / Sobrenatural,
279,Golden Time,,,Japonés,24,2,Romance / Comedia / Drama,
280,Goshuushou-sama Ninomiya-kun,,,Japonés,12,1,Ecchi / Comedia / Romance,
281,Gosick,,,Japonés,24,2,Misterio / Fantasía,
282,Gravitation,,,Japonés,13,1,Shounen Ai / Drama / Comedia,
283,Grisaia no Kajitsu,Le Fruit de Grisaia,,Japonés,13,1,Acción / Suspenso / Harem / Ecchi,
284,Grisaia no Meikyuu,Le Labyrinthe de la Grisaia,Segunda Temporada,Japonés,Película,1,Acción / Suspenso / Harem / Ecchi,
285,Grisaia no Rakuen,Le Eden de la Grisaia,Tercera Temporada,Japonés,10,1,Acción / Suspenso / Harem / Ecchi,
286,GTO,Great Teacher Onizuka,,Japonés,43,2,Comedia / Escolar / Slice of life,
287,Gugure! Kokkuri-san!,,,Japonés,12,1,Comedia / Romance / Fantasía,
288,Guilty Crown,,,Japonés,22 + Especial,2,Acción / Sci-Fi / Romance,
289,Gunbuster,,,Japonés,6,1,Mechas / Sci-Fi / Soap opera,
290,Gunbuster 2,Diebuster,,Japonés,6,1,Acción / Mechas / Comedia,
291,Gundam  Wing,,,Español,49 + 3 OVA,3,Mechas / Acción,
292,Gundam SEED,,,Japonés,50 + OVA,4,Acción / Mechas / Drama,
293,Gundam SEED Destiny,,,Japonés,51,4,Acción / Mechas / Drama,
294,Gundam SEED Destiny Special Edition,,,Japonés,4 Películas,1,Acción / Mechas / Drama,
295,"Gundam Unicorn, Mobile Suit",,,Japonés,7,1,Acción / Mechas / Suspenso,
296,GYO - Tokyo Fish Attack,,,Inglés / Japonés,Película,1,Horror / Sci-Fi / Acción / Gore,
297,Hadi Girl,,,Japonés,10,1,Comedia / Romance,
298,Haibane no Renmei,,,Japonés,13,1,Misterio / Suspenso / Psicológico,
299,Haikyuu!,,,Japonés,25,2,Deportes / Slice of life,
300,Haiyore Nyaruko-san,,,Japonés,12,1,Comedia / Romance / Ecchi,
301,Haiyore Nyaruko-san W,,,Japonés,12,1,Comedia / Romance / Ecchi,
302,Hajime no Ippo,,Primera Temporada,Español,75,3,Deportes / Slice of life,
303,Hajime no Ippo Champion Road,,Película,Japonés,Película,1,Deportes / Slice of life,
304,Hajime no Ippo New Challenger,,Segunda Temporada,Japonés,26,2,Deportes / Slice of life,
305,Hajime no Ippo Rising,,Tercera Temporada,Japonés,25,2,Deportes / Slice of life,
306,Hakuoki Hekketsuroku,,Segunda Temporada,Japonés,10,1,Samurai / Tragedia / Romance / Harem / Harem Invertido,
307,Hakuoki Reimeiroku,,Tercera Temporada,Japonés,12,1,Samurai / Tragedia / Romance / Harem / Harem Invertido,
308,Hakuoki Sekkaroku,,OVAS,Japonés,6,1,Samurai / Tragedia / Romance / Harem / Harem Invertido,
309,Hakuoki Shinsengumi Kitan,,Primera Temporada,Japonés,12,1,Samurai / Tragedia / Romance / Harem / Harem Invertido,
310,Hakushaku to Yousei,,,Japonés,12,1,Romance / Fantasía / Suspenso,
311,HAL,,,Japonés,Película,1,Romance / Drama / Fantasía,
312,HALO Legends,,,Inglés / Japonés,8 Películas,1,Acción / Aventura / Espacial,
313,Hamatora,,Primera Temporada,Japonés,12,1,Misterio / Acción / Sobrenatural,
314,Hanamonogatari,,Quinta Temporada,Japonés,5,1,Sobrenatural / Acción / Suspenso / Comedia,
315,Hanasakeru Seishounen,,,Japonés,39,3,Drama / Romance / Harem / Harem Invertido,
316,Hanbun no Tsuki ga Noboru Sora,Hantsuki,,Japonés,6,1,Drama / Romance / Slice of life,
317,Hataraku no Maou-sama,,,Japonés,13,1,Comedia / Fantasía,
318,Hatsukoi Limited,,,Japonés,12,1,Romance / Drama / Escolar / Comedia,
319,Hayate no Gotoku,Hayate the Combat Butler,Primera Temporada,Japonés,52,3,Comedia / Romance / Harem,
320,Hayate no Gotoku Cuties,,Cuarta temporada,Japonés,12,1,Comedia / Romance / Harem,
321,Hayate no Gotoku!!,Hayate the Combat Butler,Segunda Temporada,Japonés,25,2,Comedia / Romance / Harem,
322,He is my master,Kore ga watashi no goushajin sama,,Japonés,12,1,Comedia / Ecchi / Romance,
323,Heart no Kuni no Alice - Wonderful Wonder World,,,Japonés,Película,1,Comedia / Fantasía / Romance / Harem / Harem Invertido / Bishounen,
324,HEIDI,,,Español,52,4,Drama / Slice of life,
325,Hell Girl,,Primera Temporada,Japonés,26,2,Sobrenatural / Suspenso / Misterio / Thriller,
326,Hell Girl (Español),,Primera Temporada,Español,26,2,Sobrenatural / Suspenso / Misterio / Thriller,
327,Hell Girl Futakomori,,Segunda Temporda,Japonés,26,2,Sobrenatural / Suspenso / Misterio / Thriller,
328,Hell Girl Live Action,,,Japonés,12,1,Sobrenatural / Suspenso / Misterio / Thriller,
329,Hell Girl Mitsuganae,,Tercera Temporada,Japonés,26,2,Sobrenatural / Suspenso / Misterio / Thriller,
330,Hellsing,,,Español / Japonés,13,1,Acción / Sobrenatural / Misterio / Thriller,
331,"Hellsing, Ultimate",Ultimate Hellsing,,Japonés,10 + 3 Omakes,3,Acción / Sobrenatural / Misterio / Thriller,
332,Hentai Ouji to Warawanai Neko,,,Japonés,12,1,Fantasía / Romance / Comedia / Ecchi,
333,Heroic Age,,,Japonés,26,2,Acción / Mechas / Sci-Fi / Romance,
334,Hidan no Aria,Aria the Scarlet Ammo,,Japonés,13,1,,
335,Higashi no Eden,Eden of the east,,Japonés,11,1,Suspenso / Acción / Aventura / Romance,
336,High School DXD,,Primera Temporada,Japonés,12,1,Sobrenatural / Comedia / Romance / Ecchi,
337,High School DXD BorN,,Tercera Temporada,Japonés,12,1,Sobrenatural / Comedia / Romance / Ecchi,
338,High School DXD New,,Segunda Temporada,Japonés,12,1,Sobrenatural / Comedia / Romance / Ecchi,
339,High School DXD OVAS,,Primera Temporada - Especiales y OVAs,Japonés,2 OVA + 6 Especiales,1,Sobrenatural / Comedia / Romance / Ecchi,
340,Highschool of the Dead,HOTD,,Japonés,12 + OVA,1,Acción / Supervivencia / Ecchi,
341,Higurashi no na Ku koro ni,,,Japonés,26 + OVA,2,Misterio / Horror / Sobrenatural,
342,Higurashi no na ku koro ni Kira,,,Japonés,4,1,Misterio / Horror / Sobrenatural,
343,Higurashi no naku koro ni Kai,,,Japonés,24,1,Misterio / Horror / Sobrenatural,
344,Hiiro no Kakera,,,Japonés,13,1,Romance / Fantasía / Harem / Harem Invertido,
345,Hiiro no Kakera 2,,,Japonés,13,1,Romance / Fantasía / Harem / Harem Invertido,
346,Historias de Fantasmas,Gakko no Kaidan,,Español,26,2,Sobreantural / Horror / Misterio,
347,Hitsugi no Chaika,,,Japonés,12,1,Aventura / Acción / Comedia,
348,Hitsugi no Chaika - Avenging Battle,,Segunda Temporda,Japonés,12,1,Aventura / Acción / Comedia,
349,Holic,,Primera Temporada,Japonés,24,2,Sobrenatural / Fantasía / Misterio / Crossover,
350,Holic (Español),,Primera Temporada,Español,24,2,Sobrenatural / Fantasía / Misterio / Crossover,
351,Holic Kei,,Segunda Temporada,Japonés,12,1,Sobrenatural / Fantasía / Misterio / Crossover,
352,Holic Manatsu no Yoru no Yume,,Película,Japonés,Película,1,Sobrenatural / Fantasía / Misterio / Crossover,
353,Holic Shunmuki + Rou,,Tercera y Cuarta Temporada,Japonés,2+1,1,Sobrenatural / Fantasía / Misterio / Crossover,
354,"Hols, El principe del sol",,GHIBLI,Español / Japonés,Película,1,Fantasía / Aventura,
355,Hora de Aventura,Adventure Time,6  Temporadas,Español,156,7,Aventura / Fantasía / Comedia,
356,Hoshi O ou Kodomo,Children who Chase Voices from deep below,,Japonés,Película,1,Aventura / Fantasía / Romance,
357,Hotarubi no mori e,,,Japonés,Película,1,Romance / Drama / Sobrenatural,
358,Hozuki no Reitetsu,,,Japonés,12,1,Comedia / Sobrenatural,
359,HunterXHunter,,Primera Temporada,Japonés,62 + 8 OVA,3,Aventura / Acción / Fantasía,
360,HunterXHunter (2014),,,Japonés,,9,Aventura / Acción / Fantasía,
361,Hyakka Ryoran Samurai Bride,,Segunda Temporada,Japonés,12 + 6 oamkes,1,Acción / Comedia / Romance / Ecchi,
362,Hyakka Ryoran Samurai Girl,,Primera Temporada,Japonés,12,1,Acción / Comedia / Romance / Ecchi,
363,Hybrid Child,,,Japonés,4,1,Shounen Ai / Drama / Romance,Relacionado co Junjou Romantica y Sekaiichi Hatsukoi.
364,Hyouka,,,Japonés,22,2,Escolar / Misterio / Slice of life,
365,Hyperdimension Neptunia,Choujigen Game Neptune,,Japonés,12,1,Acción / Fantasía / Ecchi,
366,Ichiban Uchiro Daimaou,,,Japonés,12 + 6 OVA,1,Comedia / Sobrenatural / Ecchi,
367,Ikkitousen,,,Japonés,13,1,Shounen / Acción / Ecchi,
368,Ikkitousen Dragon Destiny,,,Japonés,12 + 6 OVA,1,Shounen / Acción / Ecchi,
369,Ikkitousen Great Guardians,,,Japonés,12 + 6 OVA,1,Shounen / Acción / Ecchi,
370,Ikkitousen Xtreme Xecutor,,,Japonés,12 + 6 OVA,1,Shounen / Acción / Ecchi,
371,Inari Kon Kon Koi Iruha,,,Japonés,10,1,Comedia / Romance / Fantasía / Slice of life,
372,Inazuma Eleven,,,Español / Japonés,127,7,Deportes / Acción / Fantasía,
373,Infinite Stratos,,,Japonés,12,1,Acción / Mechas / Sci-Fi / Ecchi,
374,Infinite Stratos 2,,,Japonés,12,1,Acción / Mechas / Sci-Fi / Ecchi,
375,Initial D,,,Español,26,2,Acción / Carreras de autos,
376,Initial D Fourth Stage,,,Japonés,24,2,Acción / Carreras de autos,
377,Initial D Second Stage,,,Español / Japonés,13,1,Acción / Carreras de autos,
378,Inou Battle wa Nichijou-kei no Naka,,,Japonés,12,1,Comedia / Aventura / Acción / Poderes / Romance,
379,Interlude,,,Japonés,3,1,Acción / Sobrenatural / Gore,
380,Interstella 5555,,,Inglés,Short Movie,1,Videos Musicales / Espacial / Aventura,
381,Inu to Hasami wa Tsukaiyou,,,Japonés,12,1,Comedia / Fantasía / Harem,
382,Inu X Boku SS,,,Japonés,12,1,Sobrenatural Romance / Ecchi,
383,Inuyasha,,,Español,167,10,Aventura / Romance / Fantasía / Sobrenatural,
384,Inuyasha Kanketsu-hen,,Segunda Temporada,Japonés,26,2,Aventura / Romance / Fantasía / Sobrenatural,
385,Inuyasha: El amor que trasciende en el timepo,,Película 1,Español / Japonés,Película,1,Aventura / Romance / Fantasía / Sobrenatural,
386,Inuyasha: El Castillo de los Sueños en el Espejo,,Película 2,Español / Japonés,Película,1,Aventura / Romance / Fantasía / Sobrenatural,
387,Inuyasha: Fuego en la Isla Mistica,,Película 4,Español / Japonés,Película,1,Aventura / Romance / Fantasía / Sobrenatural,
388,Inuyasha: La Espada Conquistadora,,Película 3,Español / Japonés,Película,1,Aventura / Romance / Fantasía / Sobrenatural,
389,"Irirya no Sora, UFO no natsu",,,Japonés,6,1,Drama / Comedia / Sci-Fi,
390,IRON MAN,,,Japonés,12,1,Acción,
391,Is it wrong to try to pick-up girls in a dungeon?,Danmachi | Dungeon ni deai wo motomeru no wa machigatteiru darou ka?,,Japonés,13,1,Acción / Fantasía / Romance / Ecchi,
392,Isshukan Friends,,,Japonés,11,1,Comedia / Slice of life,
393,Itazura na Kiss,,,Japonés,25,2,Romance / Drama / Comedia,
394,Ixion Saga,,,Japonés,26,2,Acción / Fantasía,
395,Jojo's Bizarre Adventures - Stardust Crusaders,,Tercera Saga,Japonés,25,2,,
396,Jormungand,,Primera Temporada,Japonés,12,1,,
397,Jormungand Perfect Order,,Segunda Temporada,Japonés,12,1,,
398,Junjou Romantica,,,Japonés,12,1,,
399,Junjou Romantica 2,,,Japonés,12,1,,
400,Junketsu no Maria,,,Japonés,12,1,,
401,K Project,,,Japonés,13,1,,
402,Kaichou wa Maid-sama,,,Japonés,26,2,,
403,Kaleido Star,,,Español / Japonés,49 + 3 Ova + Extras,5,,
404,Kami nomi zo Shiru Sekai,,Primera Temporada,Japonés,12,1,,
405,Kami nomi zo Shiru Sekai II,,Segunda Temporada,Japonés,12,1,,
406,Kami nomi zo shiru Sekai Megami Hen,,Tercera Temporada,Japonés,12 + OVA + 3 Especiales,1,,
407,Kamigami no Asobi,,,Japonés,13,1,,
408,Kamisama Hajimemashita,,,Japonés,13,1,,
409,Kamisama Hajimemashita 2,,Segunda Temporada,Japonés,12,1,,
410,Kamisama no memo-chou,,,Japonés,12,1,,
411,Kampfer,,Primera Temporada,Japonés,12,1,,
412,Kampfer Fur Die Liebe,,Segunda Temporada,Japonés,2 + 7 especiales,1,,
413,Kanokon,,,Japonés,12,1,,
414,Kanon,,,Japonés,24,2,,
415,Karas,,,Japonés,6 Películas,1,,
416,Kare Kano,Kareshi to Kanojo no Jijou,,Japonés,26,2,,
417,Karen Senki,,,Japonés,11,1,,
418,Karin,,,Japonés,25,2,,
419,Karneval,,,Japonés,13,1,,
420,Katekyo Hitman Reborn!,Reborn!,,Japonés,203 + OVA,1,,
421,Kaze no Stigma,,,Japonés,24,2,,
422,Kenichi,,,Español,50,3,,
423,Kenichi OVAS,,,Japonés,10,1,,
424,Kenzen Robo Daimidaler,,,Japonés,12,1,,
425,Kiba,,,Español,51,3,,
426,Kiki Entregas a Domicilio,,,Español,Película,1,,
427,Kikou Shoujo wa Kizutsukanai,Unbreakable Machine Doll,,Japonés,12,1,,
428,Kill la Kill,,,Japonés,24,2,,
429,Kimagure Orange Road,,,Japonés,,3,,
430,Kimi ga nozomu eien Next Season + Akane Maniax,,Segunda Temporda y Spin-off,Japonés,3 + 4,1,,
431,Kimi ga Nozumu Eien,Kiminozo | Rumbling Hearts,Primera Temporada,Japonés,14,1,,
432,Kimi ni Todoke,,Primera Temporada,Japonés,25,2,,
433,Kimi ni Todoke 2nd,,Segunda Temporada,Japonés,13,1,,
434,Kimi no iru machi,,,Japonés,12 + 2 OVA,1,,
435,"King of Fighter Another Day, The",,,Japonés,4,1,,
436,"King of Pigs, The",,,Japonés,Película,1,,
437,King of Thron,,,Japonés,Película,1,,
438,Kingdom,,Primera Temporada,Japonés,38,3,,
439,Kiseijuu: Sei no Kakuritsu,,,Japonés,25,2,,
440,KissXSis,,Segunda Temporada,Japonés,12,1,,
441,KissXSis OVAS,,Primera Temporada,Japonés,10,1,,
442,Kitakubu Katsudou Kiroku,,,Japonés,12,1,,
443,Kobato,,,Japonés,24,2,,
444,K-ON!,,Primera Temporada,Japonés,13,1,,
445,K-ON! Movie,,Película,Japonés,Película,1,,
446,K-ON!!,,Segunda Temporada,Japonés,26,2,,
447,Kore wa Zombie desu ka?,,,Japonés,12,1,,
448,Kore wa Zombie desu ka? Of DEATH,,,Japonés,11 + OVA 00,1,,
449,"Kumou no Mukou, Yakusoku no Basho",The place promised in our early days,,Japonés,Película,1,,
450,Kurogane no Linebarrels,,,Japonés,24,2,,
451,Kurokami,,,Japonés,24,2,,
452,Kuroko no Basuke,The Basketball which Kuroko plays,Primera temporada,Japonés,25,2,,
453,Kuroko no Basuke 2nd,The Basketball whick Kuroko Plays,Segunda Temporada,Japonés,13,1,,
454,Kuroko no Basuke 3rd Season,,Tercera Temporada,Japonés,25,2,,
455,Kuroshitsuji,Black Butler,Primera temporada,Japonés,24,2,,
456,Kuroshitsuji II,Black Butler,Segunda Temporada,Japonés,12 + 2 OVA,1,,
457,Kuroshitsuji II OVAS,Black Butler,Segunda Temporada OVAS,Japonés,5 OVA + 4 Extras,1,,
458,Kuroshitsuji Live Action,Black Butler,Película,Japonés,Película,1,,
459,Kuroshitsuji: Book of Murderer,,Cuarta Temporda,Japonés,2,1,,
460,Kyokai no Kanata,,,Japonés,12,1,,
461,Kyousougiga,,,Japonés,10,1,,
462,La Colina de las Amapolas,Kokuriko Zaka Kara,,Japonés,Película,1,,
463,La Corda d'Oro,,Primera Temporada,Japonés,25,2,,
464,La Corda d'Oro Blue Sky,,Tercera Temporada,Japonés,12,1,,
465,La Princesa Mononoke,Mononoke Hime,,Español / Japonés,Película,1,,
466,La Tumba de las Luciernagas,Grave of Fireflies,,Español / Japonés,Película,1,,
467,Las Guerreras Mágicas,Rayearth,,Español / Japonés,49 + 3 OVA,3,,
468,LOCODOL,Futsu no Joshikousei ga LOCODOL yattemita,,Japonés,12,1,,
469,LOG Horizon,,,Japonés,25,2,,
470,LOG Horizon 2,,Segunda Temporada,Japonés,25,1,,
471,Love Hina,,3 Disco con OVAS,Japonés,25,2,,
472,Love Live! School Idol Project,,Primera Temporada,Japonés,13,1,,
473,Love Live! School Idol Project 2,,Segunda Temporada,Japonés,13,1,,
474,Love Stage!!,,,Japonés,10,1,,
475,Loveless,,,Japonés,12 + 6 omakes,1,,
476,Lovely Complex,,,Japonés,24,2,,
477,Lovely Idol,,,Japonés,12,1,,
478,Lucky Star,,,Japonés,24 + OVA,2,,
479,M3 - Sono Kuroki no Hagane,,,Japonés,25,2,,
480,Macross Frontier,,,Japonés,25,2,,
481,Macross Frontier Sayonara no Tsubasa,,Película 2,Japonés,Película,1,,
482,Macross Zero,,,Japonés,5,1,,
483,Madan no Ou to Vanadis,,,Japonés,26,1,,
484,Magi - The Kingdom of Magic,,Segunda Temporada,Japonés,25,2,,
485,Magi - The Labyrinth of Magic,,Primera Temporda,Japonés,25,2,,
486,Mahou Sensou,,,Japonés,12,1,,
487,Mahou Shoujo Madoka Magica,Puella Magi Madoka Magica,,Japonés,12,1,,
488,Mahou Shoujo Madoka Magica Movie 1,Beginnings,Primera Película,Japonés,Película,1,,
489,Mahou Shoujo Madoka Magica Movie 2,Eternal,Segunda Película,Japonés,Película,1,,
490,Mahou Shoujo Madoka Magica Movie 3,Rebellion,Tercera Película,Japonés,Película,1,,
491,Mahouka Koukou no Rettousei,,,Japonés,26,2,,
492,Maji de Watashi na Koi shinasai,,,Japonés,12,1,,
493,Majin Bone,,,Japonés,26,2,,
494,Maken-ki!,,Primera Temporada,Japonés,12 + OVA,1,,
495,Maken-ki! Two,,Segunda Temporada,Japonés,12,1,,
496,Mangaka-san to Assistant-san to,,,Japonés,12,1,,
497,Maoyuu Maou Yuusha,,,Japonés,12,1,,
498,Mardock Scramble,,,Japonés,3 Películas,3,,
499,Marginal Princess,,,Japonés,13,1,,
500,Maria Holic,,,Japonés,12,1,,
501,Maria Holic Alive,,,Japonés,12,1,,
502,Maria-sama ga Mitteru,,Serie Completa con OVAS,Japonés,44 + 29 omakes,4,,
503,Marmalade Boy,,4 Temporadas,Español,76 + Película,3,,
504,Mayo Chiki,,,Japonés,12,1,,
505,Mazinger Z,,,Español,92 + Película,5,,
506,Mazinkaiser SKL,,,Japonés,3,1,,
507,Medabots,,,Español,39,3,,
508,Medaka Box,,Primera Temporada,Japonés,12,1,,
509,Medaka Box Abnormal,,Segunda Temporada,Japonés,12,1,,
510,Meganebu!,,,Japonés,12,1,,
511,Meine Liebe,,Primera Temporada,Japonés,13,1,,
512,Meine Liebe Wieder,,Segunda Temporada,Japonés,13,1,,
513,Mekaku City Actors,,,Japonés,13,1,,
514,Mermaid Forest,,,Japonés,13,1,,
515,Mew Mew Power,Tokyo Mew Mew,,Japonés,52,4,,
516,Mi vecino Totoro,Tonari no Totoro,,Español / Japonés,Película,1,,
517,Midori,,,Japonés,Película,1,,
518,Midori no Hibi,,,Japonés,13,1,,
519,"Mikami, la caza fantasmas",Ghost Sweeper Mikami,,Español,45 + Película,4,,
520,Minami- ke,,Primera Temporada,Japonés,13,1,,
521,Minami-ke Okaeri,,Tercera Temporada,Japonés,13,1,,
522,Minami-ke Okawari,,Segunda Temporda,Japonés,13,1,,
523,Minami-ke Tadaima,,Cuarta Temporda,Japonés,13,1,,
524,Miracle train,,,Japonés,13,1,,
525,Mirai Nikki,,,Japonés,26,2,,
526,Mirmo Zibang!,,,Español,172,9,,
527,Mitsudomoe,,Primera Temporada,Japonés,14,1,,
528,Mitsudomoe  Zoryochu,,Segunda Temporada,Japonés,8,1,,
529,MM!,,,Japonés,12+ 6 especiales + 3 omake,1,,
530,Mnemosyne,,,Japonés,6,1,,
531,Momo Kyun Sword,,,Japonés,12,1,,
532,Mondaiji-tachi ga Isekai Kara Kuru Sou desu yo,,,Japonés,10,1,,
533,Monochrome Factor,,,Japonés,24,2,,
534,Monogatari Series - Second Season,,"Cuarta Temporada, para secuela vease Nekomonogatari",Japonés,26,2,,
535,Monster,,,Japonés,74,3,,
536,Monster Rancher,,,Español,73,4,,
537,Mouretsu Pirates,,,Japonés,26,2,,
538,Murder Princess,,,Japonés,6,1,,
539,Mushi-shi,,Primera Temporda,Español,26,2,,
540,Muv-Luv Total Eclipse,,,Japonés,24,2,,
541,Mythical Detective Loki Ragnarok,,,Español / Inglés / Japonés,26,2,,
542,Nabari no Ou,,,Japonés,26,2,,
543,Nagi no asukara,,,Japonés,26,2,,
544,Naruto,,,Japonés,220,11,,
545,NARUTO (Español),,,Español,220,11,,
546,Naruto Movies 1,,Película 1 - El rescate de la Princesa de la Nieve | Película 2: Las ruinas ilusorias en el fondo de la tierra,Japonés,2 Películas + 4 Ova,1,,
547,Naruto Movies 2,,Película 3  :Panico animal en la isla de la luna creciente | Película 4: La muerte de Naruto,Japonés,2 Películas,1,,
548,Naruto Movies 3,,Película 5: Lazos | Película 6: La voluntad del fuego sigue ardiendo,Japonés,2 Películas,1,,
549,Naruto Movies 4,,Película 7: La torre Perdida (Lost Tower),Japonés,Película,1,,
550,Naruto Movies 5,,Película 8: Prision de Sangre (Blood Prision),Japonés,Película,1,,
551,Naruto Movies 6,,Película 9: Road to ninja (Camino Ninja),Japonés,Película,1,,
552,Naruto Movies 7,The Last,Película,Japonés,Pelicuka,1,,
553,Naruto Shippuden,,,Japonés,370/??,19,,
554,Natsume Yuujin Chou,,Primera Temporada,Japonés,13,1,,
555,"Natsume Yuujin Chou, Zoku",,Segunda Temporada,Japonés,13,1,,
556,Natsume Yuujinchou Shi,,Cuarta Temporada,Japonés,13,1,,
557,Natsume Yuujn Chou San,,Tercera Temporada,Japonés,13,1,,
558,Natsuyuki Rendezvous,,,Japonés,11,1,,
559,Nausicaa del Valle del Viento,,,Español / Japonés,Película,1,,
560,Needless,,,Japonés,24,2,,
561,Negima,,Tercer disco con OVAs,Japonés,26 + 7 OVAS,3,,
562,Nekomonogatari,,"Tercera Temporada, Para segunda temporada vease Nisemonogatari",Japonés,4,1,,
563,Neo Angelique Abyss,,Primera Temporda,Japonés,13,1,,
564,Neo Angelique Abyss - Second Age,,Segunda Temporda,Japonés,13,1,,
565,Neppu Kairiku Bushi Road,,,Japonés,Película,1,,
566,Ninja resurrection,,,Español / Inglés,Película,1,,
567,Ninja Scroll,,,Español / Inglés / Japonés,Película,1,,
568,Nisekoi,,,Japonés,12,1,,
569,Nisekoi S2,,Segunda Temporada,Japonés,3 OVA + 12,1,,OVAS de la Temporada 1
570,Nisemonogatari,,"Segunda Temporada, para primera temporada vease Bakemonogatari",Japonés,11,1,,
571,"No Game, No Life",,,Japonés,12,1,,
572,No. 6,,,Japonés,11,1,,
573,Nobunaga the Fool,,,Japonés,25,2,,
574,Nobunagun,,,Japonés,13,1,,
575,Nodame Contabile Paris-hen,,,Japonés,11,1,,
576,Nogizaka Haruka no Himitsu,,Primera Temporda,Japonés,12,1,,
577,Noragami,,,Japonés,13,1,,
578,"Nube, el maestro del infierno",Jigoku Sensei Nube,,Japonés,48,3,,
579,Nyan koi!,The Nyan koi show,,Japonés,12,1,,
580,Nyanpire,,,Japonés,12,1,,
581,Oda Nobuna no Yabou,,,Japonés,12,1,,
582,Omamori Himari,,,Japonés,12,1,,
583,One Outs,,,Japonés,25,2,,
584,One Piece,,,Japonés,650/??,25,,
585,One Piece 3DY2,,,Japonés,Película,1,,
586,One Piece Dream 9,,Dream 9: GokuXLuffyXToriko | Especial de Nami | Especial de Luffy,Japonés,4 Especiales,1,,
587,One Piece Especiales y OVAs,,,Japonés,9,1,,
588,One Piece Movies,,,Japonés,12 Películas,7,,
589,Oneechan ga kitta,,,Japonés,12 + OVA,1,,
590,Onegai Teacher!,,,Japonés,13,1,,
591,Onegai Twins!,,,Japonés,13,1,,
592,Only Yesterday,Omohide Poro Poro,,Español / Japonés,Película,1,,
593,Ookami kakushi,,,Japonés,12,1,,
594,Ookami shoujo to Kuro Ouji,,,Japonés,12,1,,
595,Ookami-san to shichinin no nakamatachi,Ookami-san and her seven companions,,Japonés,12,1,,
596,Ore no Imouto ga Konna Kawaii wake ga nai,Oreimo,Primera Temporada,Japonés,13 + OVA,1,,
597,Ore no Imouto ga Konna Kawaii wake ga nai 2,Oreimo,Segunda Temporada,Japonés,13,1,,
598,Ore no kanojo to osanajimi ga shuraba sugiru,,,Japonés,12,1,,
599,Ore no Nounai Sentakushi ga Gakuen Love-Comedy wo Zenryoku de Jama Shiteiru,NOUCOME,,Japonés,10,1,,
600,Ore Twintail ni Narimasu,,,Japonés,12,1,,
601,Orenchi no Furo Jijou,,,Japonés,12,1,,
602,Oretachi wa Tsubasa wa nai,Under the innocent sky,,Japonés,12,1,,
603,Otome Youkai Zakuro,,,Japonés,13,1,,
604,Ouran Highschool Host Club,,,Japonés,26,2,,
605,Over Drive,,,Japonés,26,2,,
606,Pandora Hearts,,,Japonés,25 + 6 oamkes,2,,
607,Panty and Stocking with Garterbelt,,,Japonés,13 + OVA,1,,
608,Papa no iu koto wo kikinasai,Papakiki,,Japonés,26,1,,
609,Papa to kiss in the Dark,,,Japonés,2,1,,
610,Paprika,,,Español / Inglés / Japonés / Otros,Película,1,,
611,Paradise Kiss,,,Japonés,12,1,,
612,Paranoia Agent,,,Japonés,13,1,,
613,Parasite Dolls,,,Español / Inglés,Película,1,,
614,Patlabor - Policia Especial,,,Español,47,3,,
615,Perfect Blue,,,Español / Japonés,Película,1,,
616,Persona 4 - The Animation,,,Japonés,25,2,,
617,Persona Trinity Soul,,,Japonés,26,2,,
618,Petshop of Horrors,,,Japonés,4,1,,
619,Photo Kano,,,Japonés,12,1,,
620,Pokemon 16 - Diancie y la Crisalida de la Destrucción,,Película 16,Japonés,Película,1,,
621,Pokemon M01 - Mew vs Mew Two,,Mew/Mew Two,Español / Inglés / Japonés,Película,1,,
622,Pokemon M02 - La Pelicula 2000,,Lugia/articuno/Moltres/Zapdos,Español / Inglés / Japonés,Película,1,,
623,Pokemon M03 - El secreto de los Unknown,,Entei,Español / Inglés / Japonés,Película,1,,
624,Pokemon M04 - Celebi y la Voz del Bosque,,Celebi/Suicune,Español / Inglés / Japonés,Película,1,,
625,Pokemon M05 - Heroes,,Latios/Latias,Español / Inglés / Japonés,Película,1,,
626,Pokemon M07 - El Destino de Deoxys,,Deoxys,Español / Inglés / Japonés,Película,1,,
627,Pokemon M08 - Lucario y el Misterio de Mew,,Lucario/Mew,Español / Inglés / Japonés,Película,1,,
628,Pokemon M09 - Ranger y el Templo del Mar,,,Español / Inglés / Japonés,Película,1,,
629,Pokemon M11 - Giratina y el Defensor de los Cielos,,Giratina/Shaymin,Español / Inglés / Japonés,Película,1,,
630,Pokemon M12 - Arceus y la Joya de la Vida,,Arceus/Dialga/Palkia/Giratina,Español / Inglés / Japonés,Película,1,,
631,Pokemon M13 - Zoroark el Maestro de las Ilusiones,,Zoroark,Español / Inglés / Japonés,Película,1,,
632,Pokemon M14 - Black and White,,Victiny/Zekrom/Reshiram,Español / Japonés,Película,1,,
633,Pokemon M15 - Kyurem vs La espada de la Justicia,,Kyurem/Keldeo,Japonés,Película,1,,
634,Pokemon Origins,,,Español / Japonés,4,1,,
635,Pokemon T1,,,Español,82,4,,
636,Pokemon T10,,Temporada 10,Español,51,3,,
637,Pokemon T2,,,Español,36,2,,
638,Pokemon T3,,,Español,41,2,,
639,Pokemon T4,,,Español,52,3,,
640,Pokemon T5,,,Español,65,4,,
641,Pokemon T6,,,Español,40,3,,
642,Pokemon T7,,,Español,52,3,,
643,Pokemon T8,,,Español,52,4,,
644,Pompoko,,,Español / Japonés,Película,1,,
645,Ponyo en el Acantilado,,,Español / Japonés,Película,1,,
646,Porco Rosso,,,Español / Japonés,Película,1,,
647,"Portrait de la Petit Cossette, Le",,,Japonés,3,1,,
648,Princess Lover,,,Japonés,12,1,,
649,Princess Lover Omakes,,,Japonés,2 OVA + 18 Especiales,1,,
650,Princess Princess,,,Japonés,12,1,,
651,Psycho-Pass,,Primera Temporada,Japonés,22,2,,
652,Psycho-Pass 2,,Segunda Temporada,Japonés,11,1,,
653,Puedo escuchar el mar,Umi ga kikoeru,,Español / Japonés,Película,1,,
654,Pulgarcita,,,Español,Película,1,,
655,Pupipo,,,Japonés,15,1,,
656,Queens Blade - Gyokuza wo Tsugumono,,Segunda Temporada,Japonés,12,1,,
657,Queens Blade - Rebellion,,Cuarta Temporada,Japonés,12,1,,
658,Queens Blade - Rurou no Senshi,,Primera Temporada,Japonés,6 OVA + 12 omake,1,,
659,Queens Blade - Utsukushiki Toushi-tachi,,Tercera Temporada,Japonés,12,1,,
660,R-15,,,Japonés,12,1,,
661,Ragnarok,,,Japonés,26,2,,
662,RAINBOW Niwa shichi-nin no nakamatachi,RAINBOW,,Japonés,26,2,,
663,Ranma 1/2,,,Español,161,9,,
664,Ranma 1/2 OVAS,,,Japonés,13,1,,
665,Ranma 1/2 Peliculas,,,Español,2,1,,
666,Ray - the Animation,,,Japonés,13,1,,
667,Red Line,,,Japonés,Película,1,,
668,Requiem for the Phantom,,,Japonés,26,1,,
669,Revolutionary Girl Utena,Seishojo Ryouki Utena,,Japonés,39,2,,
670,Revolutionary Girl Utena Movie,,,Japonés,Película,1,,
671,Rinne no Lagrange,,Primera temporada,Japonés,12,1,,
672,Rinne no Lagrange Season 2,,SegundaTemporada,Japonés,12,1,,
673,Robotech,,,Japonés,85,5,,
674,Robotech Movies,,,Japonés,,1,,
675,Rokujouma no Shinryakusha!,,,Japonés,12,1,,
676,Romeo X Juliet,,,Japonés,24,2,,
677,Rosario to Vampire,,,Japonés,13,1,,
678,Rosario to Vampire CAPU2,,,Japonés,13,1,,
679,Rozen Maiden,,Primera temporada,Japonés,12,1,,
680,Rozen Maiden Overture,,Tercera Temporada,Japonés,2,1,,
681,Rozen Maiden Traumend,,Segunda Temporada,Japonés,12,1,,
682,Rozen Maiden Zuruckspulen,,Cuarta Temporada,Japonés,13,1,,
683,Ryuugajou Nanana no Maizoukin,Nanana's Buried Treasure,,Japonés,13,1,,
684,Saikano,Mi novia el arma definitiva,,Japonés,13 + 2 OVA,1,,
685,Saikano (Español),Mi novia El arma Definitiva,,Español,13 + 2 OVA,1,,
686,Saikano Live Action,Mi novia el arma definitiva,,Japonés,Película,1,,
687,Saikin Imouto no Yousu ga Chotto Okashinda ga,,,Japonés,13,1,,
688,Sailor Moon,,,Español,200,15,,
689,Sailor Moon Movies,,,Español,3,1,,
690,Saint Seiya - Asgard,,,Español / Japonés,27,3,,
691,Saint Seiya - Doce Casas,,,Español / Japonés,34,3,,
692,Saint Seiya - El Lienzo Perdido,Saint Seiya Lost Canvas,,Español / Japonés,26,2,,
693,Saint Seiya - Hades,,,Español / Japonés,31,3,,
694,Saint seiya - Poseidon,,,Español / Japonés,15,2,,
695,Saint Seiya - Torneo Galactico,Los Caballeros del Zodiaco,Primera Temporada,Español / Japonés,39,3,,
696,Saint Seiya Movies,,,Español / Japonés,5,1,,
697,Saint Seiya Omega,,,Japonés,97,8,,
698,Saint Seiya: Legend of Sanctuary,Los Caballeros del Zodiaco: La Leyenda del Santuario,,Español / Japonés,Película,1,,
699,Saint Tail,,,Español,43,3,,
700,"Sakura, Card Captor",,,Español,70,4,,
701,"Sakura, Card Captor M1",,,Español / Japonés,Película,1,,
702,"Sakura, Card Captor M2",,,Español / Japonés / Portugués,Película,1,,
703,Sakurasou no Pet na kanojo,,,Japonés,24,2,,
704,Samurai 7,,,Español / Japonés,26,2,,
705,Samurai Champloo,,,Español / Japonés,26,2,,
706,Samurai Flamenco,,,Japonés,25,2,,
707,Samurai X,Rurouni Kenshin,,Español,95,5,,
708,Samurai X - Movie,Rurouni Kenshin Ishi Shishi e no Requiem,,Español / Japonés,Película,1,,
709,Samurai X - Remembranzas,Rurouni Kenshin Tsuiokuhen | Seisouhen,,Japonés,5,1,,
710,"Sandybell, Hola",,,Español,47,2,,
711,Sankarea,,,Japonés,12 + OVA,1,,
712,Sanzoku no Musume Ronja,,,Japonés,26,2,,
713,Sasami-san@Ganbarenai,,,Japonés,12,1,,
714,Sayonara Zetsubou sensei,,Tres temporadas,Japonés,38 + 5 OVA,3,,
715,School Days,,,Japonés,12,1,,
716,School Rumble,,Primera Temporada,Japonés,26,2,,
717,School Rumble Nii Gakki | San Gakki,,Segunda y Tercera Temporada,Japonés,26 + 2,2,,
718,Seikoku no Dragonar,,,Japonés,13,1,,
719,Seikon no Qwaser,Qwaser of the Stigmata,,Japonés,24 + OVA,2,,
720,Seikon no Qwaser II,Qwaser of the Stigmata II,,Japonés,12,1,,
721,Seirei Tsukai no Blade Dance,,,Japonés,12,1,,
722,Seirei Tsukai no World Dance,,,Japonés,13,1,,
723,Sekai Seifuku - Bouryaku no Zvezda,,,Japonés,13,1,,
724,Sekaiichi Hatsukoi,,Primera Temporada,Japonés,12 + 2 especiales,1,,
725,Sekaiichi Hatsukoi - Yokozawa Takafumi no Baai,,Película,Japonés,Película,1,,
726,Sekaiichi Hatsukoi 2,,Segunda Temporada,Japonés,12,1,,
727,Sekirei,,Primera Temporada,Japonés,12 + OVA,1,,
728,Sekirei Pure Engagement,,Segunda Temporada,Japonés,13 + Especial,1,,
729,Selector Infected WIXOSS,,,Japonés,13,1,,
730,Sengoku no Basara,,Primera Temporada,Japonés,12,1,,
731,Sengoku no Basara 2,,Segunda Temporada,Japonés,12,1,,
732,Sengoku Otome Momoiro Paradox,,,Japonés,13,1,,
733,Seraph of the End,Owari no Seraph,,Japonés,24,2,En emisión,
734,Serial Experiments LAIN,,,Japonés,13,1,,
735,Shakugan no Shana,,Primera Temporada,Japonés,24 + Película,2,,
736,Shakugan no Shana II Second,,Segunda Temporada,Japonés,24 + 5 OVA,2,,
737,Shakugan no Shana III Final,,Tercera Temporada,Japonés,24,2,,
738,Shaman King,,,Español,64,4,,
739,Shigatsu wa kimi ga uso,,,Japonés,22,2,,
740,Shigurui,,,Japonés,12,1,,
741,Shiki,,,Japonés,22,2,,
742,Shingeki no Bahamut,,,Japonés,12,1,,
743,Shingeki no Kyojin,Attack of Titans,,Japonés,25,2,,
744,Shingeki no Kyojin OVAS,,,Japonés,,,,
745,Shingetsutan Tsukihime,,,Español / Japonés,12,1,,
746,Shining Hearts,,,Japonés,12,1,,
747,Shinrei Tantei Yakumo,,,Japonés,13,1,,
748,Shirogane no Ishi Argevollen,,,Japonés,25,2,,
749,Shounen Hollywood - Holly Stage 49,,,Japonés,13,1,,
750,Silver Spoon,Gin no Saji,Primera Temporada,Japonés,11,1,,
751,Silver Spoon 2nd,Gin no Saji 2nd,Segunda Temporada,Japonés,11,1,,
752,Sket Dance,,,Japonés,77,6,,
753,Skip Beat,,,Japonés,25,2,,
754,Slam Dunk,,,Español,102 + OVA,4,,
755,So Ra No Wo To,,,Japonés,12,1,,
756,Sokyuu no Fafner,Dead agressor,,Japonés,25,2,,
757,SOLA,,,Japonés,13 + 2 especiales,1,,
758,Sora no Method,,,Japonés,13,1,,
759,Sora no Otoshimono,,Primera Temporada,Japonés,13 + OVA,1,,
760,Sora no Otoshimono Final,,Segunda Película,Japonés,Película,1,,
761,Sora no Otoshimono Forte,,Segunda Temporada,Japonés,12,1,,
762,Sora no Otoshimono Tokei Jikake no angeloid,,Película,Japonés,Película,1,,
763,Sore Demo Sekai wa Utsukushii,Still world is beautiful,,Japonés,13,1,,
764,Soul Eater,,,Japonés,51,4,,
765,Soul Eater Not!,,Spin-off,Japonés,12,1,,
766,Speed Grapher,,No apto para menores de 15 años,Español,24,2,,
767,Star Driver,,,Japonés,25,2,,
768,STEAMBOY,,,Español / Japonés,Película,1,,
769,Steins;Gate,Steins Gate,,Japonés,24 + OVA,2,,
770,Strawberry Panic!,,,Japonés,26,2,,
771,Street Fighter II,,,Español,29,2,,
772,Street Fighter Movies,,Películas,Español / Japonés,4,1,,
773,Strike The Blood,,,Japonés,24,2,,
774,Suisei no Gargantia,,,Japonés,,1,,
775,Sukisyo,Suki na mono wa suki dakara shouganai,Shonen-ai,Japonés,12 + OVA,1,,
776,Sukitte iinayo,,,Japonés,13,1,,
777,Summer Wars,,,Japonés,Película,1,,
778,Sumomomo momomo,,,Japonés,22 + 2 OVA,2,,
779,Super Campeones,,Primera Temporada,Español,128,7,,
780,Super Campeones J,,Segunda Temporada,Español,46,3,,
781,Super Campeones Mundial Juvenil,,Película,Español,Película,1,,
782,Super Campeones Road to 2002,,Tercera Temporada,Español,52,3,,
783,Super Seisyun Brothers,,,Japonés,12,1,,
784,Susurros del Corazon,Whisper of the Heart,,Español / Japonés,Película,1,,
785,Suzumiya Haruhi no Shoushitsu,,Película Tercera Temporada,Japonés,Película,1,,
786,Suzumiya Haruhi no Yuutsu,,Primera y Segunda Temporada,Japonés,28,2,,
787,Sword Art Online,SAO,Primera Temporada,Japonés,25 + Especial,2,,
788,Sword Art Online Extra Edition,SAO Extra Edition,Película Temporada Intermedia,Japonés,Película,1,,
789,Sword Art Online II,,Segunda Temporada,Japonés,25,2,,
790,Sword of the Stranger,Muko Hadan,,Japonés,Película,1,,
791,Tactics,,,Japonés,26,1,,
792,Tales of the Abyss,,,Japonés,26,2,,
793,Tasogare Otome Amnesia,Dusk Maiden of Amnesia,,Japonés,12,1,,
794,Tengen Toppa Gurren Lagan,,,Japonés,27 + OVA,2,,
795,Tenjho Tenge,,,Japonés,24+ 2 OVA,2,,
796,Terra Formars,,,Japonés,13 + 2 OVA,1,,
797,The Book of Bantorra,,,Japonés,27,2,,
798,The Garden of Words,Kotonoha no niwa,,Japonés,Película,1,,
799,The Last Unicorn,El Ultimo Unicornio,,Español,Película,1,,
800,The Legend of the Blue Wolves,Ookami-tachi no Densetsu,,Japonés,Película,1,,
801,The Sacred BlackSmith,Seiken no Blacksmith,,Español / Japonés,12,1,,
802,The Seven Deadly sins,Nanatsu no Taizai,,Japonés,24,1,,
803,The Twelve Kingdoms,,,Español / Japonés,45,4,,
804,The Wind Rises,Kaze no Tachuni | El viento se levanta,GHIBLI,Japonés,Película,1,,
805,They are my Noble Masters,Kimi ga Aruji de sHitsuji ga Ore de,,Japonés,13,1,,
806,Thundercats,,,Español,52/130,2,,
807,To Aru Kagaku no Railgun,,Serie Alterna - Primera Temporada,Japonés,24 + OVA,2,,
808,To Aru Kagaku no Railgun S,,Serie Alterna - Segunda Temporada,Japonés,24,2,,
809,To Aru Majutsu Index,,Primera Temporada,Japonés,24,2,,
810,To Aru Majutsu Index II,,Segunda Temporada,Japonés,24,2,,
811,To Aru majutsu Index Movie,,,Japonés,Película,1,,
812,To Heart,,Primera Temporada,Japonés,13,1,,
813,To Heart Remember my Memories,,Segunda Temporada,Japonés,13,1,,
814,To Love Ru,,Primera Temporada,Japonés,26,2,,
815,To Love Ru Darkness,,Tercera Temporada,Japonés,12 + 2 OVA,1,,
816,To Love Ru Darkness OVAs,,OVAS de la tercera temporada,Japonés,5,1,,
817,To Love Ru OVAS,,Primera Temporada,Japonés,6,1,,
818,"To Love Ru, Motto",,Segunda Temporada,Japonés,12,1,,
819,Togainu no Chi,,,Japonés,12,1,,
820,Tohou,,,Japonés,2 OVA + Especial,1,,
821,Toki wo Kakeru Shoujo,La chica que saltaba en el tiempo,,Japonés,Película,1,,
822,Tokko,,,Español,13,1,,
823,Tokyo 8.0,,,Japonés,11,1,,
824,Tokyo Babylon,,,Japonés,2,1,,
825,Tokyo ESP,,,Japonés,12,1,,
826,Tokyo Ghoul,,,Japonés,12,1,,
827,Tokyo Ghoul A,,Segunda Temporada,Japonés,12,1,,
828,Tokyo Godfathers,,,Español / Japonés,Película,1,,
829,Tokyo Majin Gakuen Kenpuchou,,Primera Temporada,Japonés,14,1,,
830,Tokyo Majin Gakuen Kenpuchou 2nd Act,,Segunda Temporada,Japonés,14,1,,
831,Tokyo Ravens,,,Japonés,24,2,,
832,Tonagura,,,Japonés,13,1,,
833,Tonari no Kaibutsu-kun,,,Japonés,13,1,,
834,Toradora!,,,Japonés,25,2,,
835,Towa no Quon,,,Japonés,6 Películas,1,,
836,Trigun,,,Español / Japonés,26,2,,
837,Trinity Blood,,,Japonés,24,2,,
838,Trinity Seven,,,Japonés,12,1,,
839,Tsubasa Reservoir Chronicle,,Primera Temporada,Japonés,26,1,,
840,Tsubasa Reservoir Chronicle 2,,Segunda Temporada,Japonés,26,2,,
841,Tsubasa Reservoir Chronicle Shunraiki,,Cuarta Temporada,Japonés,2 + Película,1,,
842,Tsubasa Reservoir Chronicle Tokyo Revelations,,Tercera Temporada,Español / Japonés,3,1,,
843,Tsukimonogatari,,Sexta Temporada,Japonés,,1,,
844,Tsuritama,,,Japonés,12,1,,
845,"Ultramarines: Warhammer 40,000","Warhammer 40,000",,Español / Inglés,Película,1,,
846,Umineko no na ku koro ni,,"Precuela, para secuela vease Higurashi no na ku koro ni",Japonés,26,2,,
847,UN-GO,,,Japonés,11,1,,
848,Uragiri wa Boku no Namae Shitteiru,URABOKU,,Japonés,24,2,,
849,Ushinawareta Mirai wo Motomete,,,Japonés,12,1,,
850,Uta wa Prince-sama Maji Love 1000%,,Primera Temporada,Japonés,12,1,,
851,Uta wa Prince-sama Maji Love 2000%,,Segunda Temporada,Japonés,13,1,,
852,Valvrave The Liberator,,Primera Temporada,Japonés,12,1,,
853,Valvrave The Liberator 2,,Segunda Temporada,Japonés,12,1,,
854,Vampire Hunter D,,Primera Película,Español / Japonés,Película,1,,
855,Vampire Hunter D Blood Lust,,Segunda Película,Español / Inglés,Película,1,,
856,Vampire Knight,,Primera Temporada,Japonés,13,1,,
857,Vampire Knight Guilty,,Segunda Temporada,Japonés,13,1,,
858,Vampire Princess Miyu,,,Japonés,26,2,,
859,Vassalord,,,Japonés,Película,1,,
860,Violence Jack,,,Japonés,3,1,,
861,VOCALOID - Miku no Hi 39 Thank's Giving Day,,,Japonés,Concierto,2,,
862,VOCALOID - Videografia 1,,,Japonés,39,1,,
863,VOCALOID - Videografia 2,,,Japonés,40,1,,
864,"Wake up, Girls!",WUG!,,Japonés,12 + Película,1,,
865,Walkure Romanze,,,Japonés,12,1,,
866,WATAMOTE,Watashi ga Motenai no wa dou kangaetemo omaera ga warui!,,Japonés,12,1,,
867,White Album,,,Japonés,13,1,,
868,White Album 2,,,Japonés,13,1,,
869,Witch Craft Works,,,Japonés,12,1,,
870,Witch Hunter robin,,,Japonés,26,2,,
871,Witchblade,,,Japonés,24,2,,
872,Wolf Children - Ame to yuki,Ookami kodomo no ame to yuki,,Japonés,Película,1,,
873,Wolf's Rain,,,Japonés,30,2,,
874,Wolverine,,,Español,12,1,,
875,Wonderful Days,Sky Blue,,Coreano,Película,1,,
876,Wooser no Sono Higurashi Kakusei-Hen,,egunda Temporada,Japonés,12,1,,
877,World Trigger,,,Japonés,13,1,,
878,X / 1999,,,Japonés,24 + Ova,2,,
879,Yahari ore no Seishun Love come wa Machigatteiru,Yahari Love,,Japonés,13,1,,
880,Yamato Nadeshiko Shichihenge,The Wallflower,,Japonés,25,2,,
881,Yami no Matsuei,,,Japonés,12,1,,
882,Yami Shibai,Historias de Fantasmas Japoneses,Primera Temporada,Japonés,13,1,,
883,Yoake Mae Yori Ruri Iro na Crescent Love,Brighter than Dawning Blue,,Japonés,12,1,,
884,Yosuga no Sora,,,Japonés,13,1,,
885,Yozakura Quartet - Hana no Uta-,,Remake,Japonés,13,1,,
886,Yu-Gi-Oh!,,,Español,224,15,,
887,Yu-Gi-Oh! 10th Movie,,Película de aniversario,Japonés,Película,1,,
888,Yu-Gi-Oh! 5D's,,,Español / Japonés,154,8,,
889,Yu-Gi-Oh! Capsule Monsters,,,Inglés / Japonés,12,1,,
890,Yu-Gi-Oh! GX,,,Español,180,9,,
891,Yu-Gi-Oh! Movie,La piramide de la Luz,,Español / Inglés,Película,1,,
892,Yumekui Merry,,,Japonés,13,1,,
893,Yu-Sibu,Yuusha ni Narenakatta ore wa shibushibu Shushoku o Ketsui Shimashita,,Japonés,12,1,,
894,Yuu Yuu Hakusho,,,Español,112,6,,
895,Yuu Yuu Hakusho Movies,,,Español / Japonés,2,1,,
896,Zankyou no Terror,,,Japonés,11,1,,
897,Zero no Tsukaima,,Primera temporada,Japonés,13,1,,
898,Zero no Tsukaima F,,Cuarta Temporada,Japonés,12,1,,
899,Zero no Tsukaima Futatsuki no Kishi,,Segunda Temporada,Japonés,12,1,,
900,Zero no Tsukaima Princesses no Rondo,,Tercera Temporada,Japonés,12 + OVA,1,,
901,ZETMAN,,,Japonés,13,1,,
902,Zetsuen no Tempest,,,Japonés,24,2,,
903,Zettai Bouei Leviathan,,,Japonés,12,1,,
904,Zettai Karen Children,,Primera Temporada,Japonés,52,3,,
905,Zettai Karen Children - The Unlimited,,Segunda Temporada,Japonés,12,1,,
906,Zoids Chaotic Century,,Primera Temporada,Español,34,2,,
907,Zoids Fuzors,,Cuarta temporada,Español,26,2,,
908,Zoids Genesis,,Quinta Temporada,Japonés,50,3,,
909,Zoids Guardian Force,,Segunda Temporada,Español,31,2,,
910,Zoids New Century / Zero,,Tercera Temporada,Español,26,2,,
911,Zombie Loan,,,Japonés,11,1,,
912,ZX / Ignition,,,Japonés,12,1,Fantasía / Aventura,